search_range;description;link_page;link_pdf;name_pdf;published
[2009-01-01]-[2010-12-31];Despacho n.º 18722/2010 - Diário da República n.º 243/2010, Série II de 2010-12-17;https://diariodarepublica.pt/dr/detalhe/despacho/18722-2010-3645846;https://files.diariodarepublica.pt/2s/2010/12/243000000/6119361193.pdf;despacho_18722-2010_dr_243-2010.pdf;2010-07-29
[2009-01-01]-[2010-12-31];Despacho n.º 10562/2009 - Diário da República n.º 79/2009, Série II de 2009-04-23;https://diariodarepublica.pt/dr/detalhe/despacho/10562-2009-3581621;https://files.diariodarepublica.pt/2s/2009/04/079000000/1640716407.pdf;despacho_10562-2009_dr_79-2009.pdf;2010-07-29
[2009-01-01]-[2010-12-31];Despacho n.º 10560/2009 - Diário da República n.º 79/2009, Série II de 2009-04-23;https://diariodarepublica.pt/dr/detalhe/despacho/10560-2009-3581619;https://files.diariodarepublica.pt/2s/2009/04/079000000/1640616407.pdf;despacho_10560-2009_dr_79-2009.pdf;2010-07-29
[2009-01-01]-[2010-12-31];Despacho n.º 10559/2009 - Diário da República n.º 79/2009, Série II de 2009-04-23;https://diariodarepublica.pt/dr/detalhe/despacho/10559-2009-3581618;https://files.diariodarepublica.pt/2s/2009/04/079000000/1640616406.pdf;despacho_10559-2009_dr_79-2009.pdf;2010-07-29
[2009-01-01]-[2010-12-31];Despacho n.º 10979/2009 - Diário da República n.º 84/2009, Série II de 2009-04-30;https://diariodarepublica.pt/dr/detalhe/despacho/10979-2009-3576570;https://files.diariodarepublica.pt/2s/2009/04/084000000/1729317293.pdf;despacho_10979-2009_dr_84-2009.pdf;2010-07-29
[2009-01-01]-[2010-12-31];Despacho n.º 11054/2009 - Diário da República n.º 85/2009, Série II de 2009-05-04;https://diariodarepublica.pt/dr/detalhe/despacho/11054-2009-3553825;https://files.diariodarepublica.pt/2s/2009/05/085000000/1746217462.pdf;despacho_11054-2009_dr_85-2009.pdf;2010-07-29
[2009-01-01]-[2010-12-31];Despacho n.º 11053/2009 - Diário da República n.º 85/2009, Série II de 2009-05-04;https://diariodarepublica.pt/dr/detalhe/despacho/11053-2009-3553824;https://files.diariodarepublica.pt/2s/2009/05/085000000/1746217462.pdf;despacho_11053-2009_dr_85-2009.pdf;2010-07-29
[2009-01-01]-[2010-12-31];Despacho n.º 11052/2009 - Diário da República n.º 85/2009, Série II de 2009-05-04;https://diariodarepublica.pt/dr/detalhe/despacho/11052-2009-3553823;https://files.diariodarepublica.pt/2s/2009/05/085000000/1746217462.pdf;despacho_11052-2009_dr_85-2009.pdf;2010-07-29
[2009-01-01]-[2010-12-31];Despacho n.º 11051/2009 - Diário da República n.º 85/2009, Série II de 2009-05-04;https://diariodarepublica.pt/dr/detalhe/despacho/11051-2009-3553822;https://files.diariodarepublica.pt/2s/2009/05/085000000/1746217462.pdf;despacho_11051-2009_dr_85-2009.pdf;2010-07-29
[2009-01-01]-[2010-12-31];Despacho n.º 7604/2010 - Diário da República n.º 84/2010, Série II de 2010-04-30;https://diariodarepublica.pt/dr/detalhe/despacho/7604-2010-3546939;https://files.diariodarepublica.pt/2s/2010/04/084000000/2271922719.pdf;despacho_7604-2010_dr_84-2010.pdf;2010-07-29
[2009-01-01]-[2010-12-31];Despacho n.º 7601/2010 - Diário da República n.º 84/2010, Série II de 2010-04-30;https://diariodarepublica.pt/dr/detalhe/despacho/7601-2010-3546936;https://files.diariodarepublica.pt/2s/2010/04/084000000/2271822718.pdf;despacho_7601-2010_dr_84-2010.pdf;2010-07-29
[2009-01-01]-[2010-12-31];Despacho n.º 7599/2010 - Diário da República n.º 84/2010, Série II de 2010-04-30;https://diariodarepublica.pt/dr/detalhe/despacho/7599-2010-3546934;https://files.diariodarepublica.pt/2s/2010/04/084000000/2271822718.pdf;despacho_7599-2010_dr_84-2010.pdf;2010-07-29
[2009-01-01]-[2010-12-31];Despacho n.º 7598/2010 - Diário da República n.º 84/2010, Série II de 2010-04-30;https://diariodarepublica.pt/dr/detalhe/despacho/7598-2010-3546933;https://files.diariodarepublica.pt/2s/2010/04/084000000/2271822718.pdf;despacho_7598-2010_dr_84-2010.pdf;2010-07-29
[2009-01-01]-[2010-12-31];Despacho n.º 7597/2010 - Diário da República n.º 84/2010, Série II de 2010-04-30;https://diariodarepublica.pt/dr/detalhe/despacho/7597-2010-3546932;https://files.diariodarepublica.pt/2s/2010/04/084000000/2271722717.pdf;despacho_7597-2010_dr_84-2010.pdf;2010-07-29
[2009-01-01]-[2010-12-31];Despacho n.º 8179/2010 - Diário da República n.º 92/2010, Série II de 2010-05-12;https://diariodarepublica.pt/dr/detalhe/despacho/8179-2010-3494103;https://files.diariodarepublica.pt/2s/2010/05/092000000/2560725607.pdf;despacho_8179-2010_dr_92-2010.pdf;2010-07-29
[2009-01-01]-[2010-12-31];Despacho n.º 8178/2010 - Diário da República n.º 92/2010, Série II de 2010-05-12;https://diariodarepublica.pt/dr/detalhe/despacho/8178-2010-3494102;https://files.diariodarepublica.pt/2s/2010/05/092000000/2560725607.pdf;despacho_8178-2010_dr_92-2010.pdf;2010-07-29
[2009-01-01]-[2010-12-31];Despacho n.º 19173/2010 - Diário da República n.º 250/2010, Série II de 2010-12-28;https://diariodarepublica.pt/dr/detalhe/despacho/19173-2010-3480154;https://files.diariodarepublica.pt/2s/2010/12/250000000/6272962729.pdf;despacho_19173-2010_dr_250-2010.pdf;2010-07-29
[2009-01-01]-[2010-12-31];Despacho n.º 19171/2010 - Diário da República n.º 250/2010, Série II de 2010-12-28;https://diariodarepublica.pt/dr/detalhe/despacho/19171-2010-3480152;https://files.diariodarepublica.pt/2s/2010/12/250000000/6272862729.pdf;despacho_19171-2010_dr_250-2010.pdf;2010-07-29
[2009-01-01]-[2010-12-31];Despacho n.º 19170/2010 - Diário da República n.º 250/2010, Série II de 2010-12-28;https://diariodarepublica.pt/dr/detalhe/despacho/19170-2010-3480151;https://files.diariodarepublica.pt/2s/2010/12/250000000/6272862728.pdf;despacho_19170-2010_dr_250-2010.pdf;2010-07-29
[2009-01-01]-[2010-12-31];Despacho n.º 19169/2010 - Diário da República n.º 250/2010, Série II de 2010-12-28;https://diariodarepublica.pt/dr/detalhe/despacho/19169-2010-3480150;https://files.diariodarepublica.pt/2s/2010/12/250000000/6272862728.pdf;despacho_19169-2010_dr_250-2010.pdf;2010-07-29
[2009-01-01]-[2010-12-31];Despacho n.º 19168/2010 - Diário da República n.º 250/2010, Série II de 2010-12-28;https://diariodarepublica.pt/dr/detalhe/despacho/19168-2010-3480149;https://files.diariodarepublica.pt/2s/2010/12/250000000/6272862728.pdf;despacho_19168-2010_dr_250-2010.pdf;2010-07-29
[2009-01-01]-[2010-12-31];Despacho n.º 19167/2010 - Diário da República n.º 250/2010, Série II de 2010-12-28;https://diariodarepublica.pt/dr/detalhe/despacho/19167-2010-3480148;https://files.diariodarepublica.pt/2s/2010/12/250000000/6272862728.pdf;despacho_19167-2010_dr_250-2010.pdf;2010-07-29
[2009-01-01]-[2010-12-31];Despacho n.º 19164/2010 - Diário da República n.º 250/2010, Série II de 2010-12-28;https://diariodarepublica.pt/dr/detalhe/despacho/19164-2010-3480145;https://files.diariodarepublica.pt/2s/2010/12/250000000/6272762727.pdf;despacho_19164-2010_dr_250-2010.pdf;2010-07-29
[2009-01-01]-[2010-12-31];Despacho n.º 10670/2010 - Diário da República n.º 123/2010, Série II de 2010-06-28;https://diariodarepublica.pt/dr/detalhe/despacho/10670-2010-3284595;https://files.diariodarepublica.pt/2s/2010/06/123000000/3523635236.pdf;despacho_10670-2010_dr_123-2010.pdf;2010-07-29
[2009-01-01]-[2010-12-31];Despacho n.º 10669/2010 - Diário da República n.º 123/2010, Série II de 2010-06-28;https://diariodarepublica.pt/dr/detalhe/despacho/10669-2010-3284594;https://files.diariodarepublica.pt/2s/2010/06/123000000/3523635236.pdf;despacho_10669-2010_dr_123-2010.pdf;2010-07-29
[2009-01-01]-[2010-12-31];Despacho n.º 10668/2010 - Diário da República n.º 123/2010, Série II de 2010-06-28;https://diariodarepublica.pt/dr/detalhe/despacho/10668-2010-3284593;https://files.diariodarepublica.pt/2s/2010/06/123000000/3523635236.pdf;despacho_10668-2010_dr_123-2010.pdf;2010-07-29
[2009-01-01]-[2010-12-31];Despacho n.º 10667/2010 - Diário da República n.º 123/2010, Série II de 2010-06-28;https://diariodarepublica.pt/dr/detalhe/despacho/10667-2010-3284592;https://files.diariodarepublica.pt/2s/2010/06/123000000/3523635236.pdf;despacho_10667-2010_dr_123-2010.pdf;2010-07-29
[2009-01-01]-[2010-12-31];Despacho n.º 16010/2010 - Diário da República n.º 206/2010, Série II de 2010-10-22;https://diariodarepublica.pt/dr/detalhe/despacho/16010-2010-3235459;https://files.diariodarepublica.pt/2s/2010/10/206000000/5226352263.pdf;despacho_16010-2010_dr_206-2010.pdf;2010-07-29
[2009-01-01]-[2010-12-31];Despacho n.º 16006/2010 - Diário da República n.º 206/2010, Série II de 2010-10-22;https://diariodarepublica.pt/dr/detalhe/despacho/16006-2010-3235455;https://files.diariodarepublica.pt/2s/2010/10/206000000/5226352263.pdf;despacho_16006-2010_dr_206-2010.pdf;2010-07-29
[2009-01-01]-[2010-12-31];Despacho n.º 16005/2010 - Diário da República n.º 206/2010, Série II de 2010-10-22;https://diariodarepublica.pt/dr/detalhe/despacho/16005-2010-3235454;https://files.diariodarepublica.pt/2s/2010/10/206000000/5226252263.pdf;despacho_16005-2010_dr_206-2010.pdf;2010-07-29
[2009-01-01]-[2010-12-31];Despacho n.º 16003/2010 - Diário da República n.º 206/2010, Série II de 2010-10-22;https://diariodarepublica.pt/dr/detalhe/despacho/16003-2010-3235452;https://files.diariodarepublica.pt/2s/2010/10/206000000/5226252262.pdf;despacho_16003-2010_dr_206-2010.pdf;2010-07-29
[2009-01-01]-[2010-12-31];Despacho n.º 16002/2010 - Diário da República n.º 206/2010, Série II de 2010-10-22;https://diariodarepublica.pt/dr/detalhe/despacho/16002-2010-3235451;https://files.diariodarepublica.pt/2s/2010/10/206000000/5226252262.pdf;despacho_16002-2010_dr_206-2010.pdf;2010-07-29
[2009-01-01]-[2010-12-31];Despacho n.º 16001/2010 - Diário da República n.º 206/2010, Série II de 2010-10-22;https://diariodarepublica.pt/dr/detalhe/despacho/16001-2010-3235450;https://files.diariodarepublica.pt/2s/2010/10/206000000/5226152262.pdf;despacho_16001-2010_dr_206-2010.pdf;2010-07-29
[2009-01-01]-[2010-12-31];Despacho n.º 9847/2010 - Diário da República n.º 112/2010, Série II de 2010-06-11;https://diariodarepublica.pt/dr/detalhe/despacho/9847-2010-3130952;https://files.diariodarepublica.pt/2s/2010/06/112000000/3210732108.pdf;despacho_9847-2010_dr_112-2010.pdf;2010-07-29
[2009-01-01]-[2010-12-31];Despacho n.º 9846/2010 - Diário da República n.º 112/2010, Série II de 2010-06-11;https://diariodarepublica.pt/dr/detalhe/despacho/9846-2010-3130951;https://files.diariodarepublica.pt/2s/2010/06/112000000/3210732107.pdf;despacho_9846-2010_dr_112-2010.pdf;2010-07-29
[2009-01-01]-[2010-12-31];Despacho n.º 9845/2010 - Diário da República n.º 112/2010, Série II de 2010-06-11;https://diariodarepublica.pt/dr/detalhe/despacho/9845-2010-3130950;https://files.diariodarepublica.pt/2s/2010/06/112000000/3210732107.pdf;despacho_9845-2010_dr_112-2010.pdf;2010-07-29
[2009-01-01]-[2010-12-31];Despacho n.º 7260/2009 - Diário da República n.º 48/2009, Série II de 2009-03-10;https://diariodarepublica.pt/dr/detalhe/despacho/7260-2009-3098988;https://files.diariodarepublica.pt/2s/2009/03/048000000/0925609256.pdf;despacho_7260-2009_dr_48-2009.pdf;2010-07-29
[2009-01-01]-[2010-12-31];Despacho n.º 7259/2009 - Diário da República n.º 48/2009, Série II de 2009-03-10;https://diariodarepublica.pt/dr/detalhe/despacho/7259-2009-3098987;https://files.diariodarepublica.pt/2s/2009/03/048000000/0925509256.pdf;despacho_7259-2009_dr_48-2009.pdf;2010-07-29
[2009-01-01]-[2010-12-31];Despacho n.º 7258/2009 - Diário da República n.º 48/2009, Série II de 2009-03-10;https://diariodarepublica.pt/dr/detalhe/despacho/7258-2009-3098986;https://files.diariodarepublica.pt/2s/2009/03/048000000/0925509255.pdf;despacho_7258-2009_dr_48-2009.pdf;2010-07-29
[2009-01-01]-[2010-12-31];Despacho n.º 7257/2009 - Diário da República n.º 48/2009, Série II de 2009-03-10;https://diariodarepublica.pt/dr/detalhe/despacho/7257-2009-3098985;https://files.diariodarepublica.pt/2s/2009/03/048000000/0925509255.pdf;despacho_7257-2009_dr_48-2009.pdf;2010-07-29
[2009-01-01]-[2010-12-31];Despacho n.º 10373/2009 - Diário da República n.º 77/2009, Série II de 2009-04-21;https://diariodarepublica.pt/dr/detalhe/despacho/10373-2009-3047569;https://files.diariodarepublica.pt/2s/2009/04/077000000/1599115991.pdf;despacho_10373-2009_dr_77-2009.pdf;2010-07-29
[2009-01-01]-[2010-12-31];Despacho n.º 10372/2009 - Diário da República n.º 77/2009, Série II de 2009-04-21;https://diariodarepublica.pt/dr/detalhe/despacho/10372-2009-3047568;https://files.diariodarepublica.pt/2s/2009/04/077000000/1599115991.pdf;despacho_10372-2009_dr_77-2009.pdf;2010-07-29
[2009-01-01]-[2010-12-31];Despacho n.º 10371/2009 - Diário da República n.º 77/2009, Série II de 2009-04-21;https://diariodarepublica.pt/dr/detalhe/despacho/10371-2009-3047567;https://files.diariodarepublica.pt/2s/2009/04/077000000/1599115991.pdf;despacho_10371-2009_dr_77-2009.pdf;2010-07-29
[2009-01-01]-[2010-12-31];Despacho n.º 10370/2009 - Diário da República n.º 77/2009, Série II de 2009-04-21;https://diariodarepublica.pt/dr/detalhe/despacho/10370-2009-3047566;https://files.diariodarepublica.pt/2s/2009/04/077000000/1599015991.pdf;despacho_10370-2009_dr_77-2009.pdf;2010-07-29
[2009-01-01]-[2010-12-31];Despacho n.º 4851/2009 - Diário da República n.º 28/2009, Série II de 2009-02-10;https://diariodarepublica.pt/dr/detalhe/despacho/4851-2009-2907561;https://files.diariodarepublica.pt/2s/2009/02/028000000/0574305743.pdf;despacho_4851-2009_dr_28-2009.pdf;2010-07-29
[2009-01-01]-[2010-12-31];Despacho n.º 4849/2009 - Diário da República n.º 28/2009, Série II de 2009-02-10;https://diariodarepublica.pt/dr/detalhe/despacho/4849-2009-2907559;https://files.diariodarepublica.pt/2s/2009/02/028000000/0574205743.pdf;despacho_4849-2009_dr_28-2009.pdf;2010-07-29
[2009-01-01]-[2010-12-31];Despacho n.º 4848/2009 - Diário da República n.º 28/2009, Série II de 2009-02-10;https://diariodarepublica.pt/dr/detalhe/despacho/4848-2009-2907558;https://files.diariodarepublica.pt/2s/2009/02/028000000/0574205742.pdf;despacho_4848-2009_dr_28-2009.pdf;2010-07-29
[2009-01-01]-[2010-12-31];Despacho n.º 4847/2009 - Diário da República n.º 28/2009, Série II de 2009-02-10;https://diariodarepublica.pt/dr/detalhe/despacho/4847-2009-2907557;https://files.diariodarepublica.pt/2s/2009/02/028000000/0574205742.pdf;despacho_4847-2009_dr_28-2009.pdf;2010-07-29
[2009-01-01]-[2010-12-31];Despacho n.º 8229/2010 - Diário da República n.º 93/2010, Série II de 2010-05-13;https://diariodarepublica.pt/dr/detalhe/despacho/8229-2010-2887140;https://files.diariodarepublica.pt/2s/2010/05/093000000/2579325794.pdf;despacho_8229-2010_dr_93-2010.pdf;2010-07-29
[2009-01-01]-[2010-12-31];Despacho n.º 8228/2010 - Diário da República n.º 93/2010, Série II de 2010-05-13;https://diariodarepublica.pt/dr/detalhe/despacho/8228-2010-2887139;https://files.diariodarepublica.pt/2s/2010/05/093000000/2579325793.pdf;despacho_8228-2010_dr_93-2010.pdf;2010-07-29
[2009-01-01]-[2010-12-31];Despacho n.º 8227/2010 - Diário da República n.º 93/2010, Série II de 2010-05-13;https://diariodarepublica.pt/dr/detalhe/despacho/8227-2010-2887138;https://files.diariodarepublica.pt/2s/2010/05/093000000/2579325793.pdf;despacho_8227-2010_dr_93-2010.pdf;2010-07-29
[2009-01-01]-[2010-12-31];Despacho n.º 8226/2010 - Diário da República n.º 93/2010, Série II de 2010-05-13;https://diariodarepublica.pt/dr/detalhe/despacho/8226-2010-2887137;https://files.diariodarepublica.pt/2s/2010/05/093000000/2579325793.pdf;despacho_8226-2010_dr_93-2010.pdf;2010-07-29
[2009-01-01]-[2010-12-31];Despacho n.º 9007/2010 - Diário da República n.º 102/2010, Série II de 2010-05-26;https://diariodarepublica.pt/dr/detalhe/despacho/9007-2010-2829399;https://files.diariodarepublica.pt/2s/2010/05/102000000/2906129061.pdf;despacho_9007-2010_dr_102-2010.pdf;2010-07-29
[2009-01-01]-[2010-12-31];Despacho n.º 9006/2010 - Diário da República n.º 102/2010, Série II de 2010-05-26;https://diariodarepublica.pt/dr/detalhe/despacho/9006-2010-2829398;https://files.diariodarepublica.pt/2s/2010/05/102000000/2906129061.pdf;despacho_9006-2010_dr_102-2010.pdf;2010-07-29
[2009-01-01]-[2010-12-31];Despacho n.º 17225/2010 - Diário da República n.º 222/2010, Série II de 2010-11-16;https://diariodarepublica.pt/dr/detalhe/despacho/17225-2010-2793422;https://files.diariodarepublica.pt/2s/2010/11/222000000/5630856308.pdf;despacho_17225-2010_dr_222-2010.pdf;2010-07-29
[2009-01-01]-[2010-12-31];Despacho n.º 17224/2010 - Diário da República n.º 222/2010, Série II de 2010-11-16;https://diariodarepublica.pt/dr/detalhe/despacho/17224-2010-2793421;https://files.diariodarepublica.pt/2s/2010/11/222000000/5630856308.pdf;despacho_17224-2010_dr_222-2010.pdf;2010-07-29
[2009-01-01]-[2010-12-31];Despacho n.º 23608/2009 - Diário da República n.º 209/2009, Série II de 2009-10-28;https://diariodarepublica.pt/dr/detalhe/despacho/23608-2009-2753283;https://files.diariodarepublica.pt/2s/2009/10/209000000/4380143801.pdf;despacho_23608-2009_dr_209-2009.pdf;2010-07-29
[2009-01-01]-[2010-12-31];Despacho n.º 23607/2009 - Diário da República n.º 209/2009, Série II de 2009-10-28;https://diariodarepublica.pt/dr/detalhe/despacho/23607-2009-2753282;https://files.diariodarepublica.pt/2s/2009/10/209000000/4380143801.pdf;despacho_23607-2009_dr_209-2009.pdf;2010-07-29
[2009-01-01]-[2010-12-31];Despacho n.º 16267/2010 - Diário da República n.º 209/2010, Série II de 2010-10-27;https://diariodarepublica.pt/dr/detalhe/despacho/16267-2010-2747766;https://files.diariodarepublica.pt/2s/2010/10/209000000/5342153421.pdf;despacho_16267-2010_dr_209-2010.pdf;2010-07-29
[2009-01-01]-[2010-12-31];Despacho n.º 16266/2010 - Diário da República n.º 209/2010, Série II de 2010-10-27;https://diariodarepublica.pt/dr/detalhe/despacho/16266-2010-2747765;https://files.diariodarepublica.pt/2s/2010/10/209000000/5342153421.pdf;despacho_16266-2010_dr_209-2010.pdf;2010-07-29
[2009-01-01]-[2010-12-31];Despacho n.º 4963/2009 - Diário da República n.º 29/2009, Série II de 2009-02-11;https://diariodarepublica.pt/dr/detalhe/despacho/4963-2009-2714139;https://files.diariodarepublica.pt/2s/2009/02/029000000/0596205962.pdf;despacho_4963-2009_dr_29-2009.pdf;2010-07-29
[2009-01-01]-[2010-12-31];Despacho n.º 4962/2009 - Diário da República n.º 29/2009, Série II de 2009-02-11;https://diariodarepublica.pt/dr/detalhe/despacho/4962-2009-2714138;https://files.diariodarepublica.pt/2s/2009/02/029000000/0596205962.pdf;despacho_4962-2009_dr_29-2009.pdf;2010-07-29
[2009-01-01]-[2010-12-31];Despacho n.º 4961/2009 - Diário da República n.º 29/2009, Série II de 2009-02-11;https://diariodarepublica.pt/dr/detalhe/despacho/4961-2009-2714137;https://files.diariodarepublica.pt/2s/2009/02/029000000/0596105962.pdf;despacho_4961-2009_dr_29-2009.pdf;2010-07-29
[2009-01-01]-[2010-12-31];Despacho n.º 4960/2009 - Diário da República n.º 29/2009, Série II de 2009-02-11;https://diariodarepublica.pt/dr/detalhe/despacho/4960-2009-2714136;https://files.diariodarepublica.pt/2s/2009/02/029000000/0596105961.pdf;despacho_4960-2009_dr_29-2009.pdf;2010-07-29
[2009-01-01]-[2010-12-31];Despacho n.º 4959/2009 - Diário da República n.º 29/2009, Série II de 2009-02-11;https://diariodarepublica.pt/dr/detalhe/despacho/4959-2009-2714135;https://files.diariodarepublica.pt/2s/2009/02/029000000/0596105961.pdf;despacho_4959-2009_dr_29-2009.pdf;2010-07-29
[2009-01-01]-[2010-12-31];Despacho n.º 4958/2009 - Diário da República n.º 29/2009, Série II de 2009-02-11;https://diariodarepublica.pt/dr/detalhe/despacho/4958-2009-2714134;https://files.diariodarepublica.pt/2s/2009/02/029000000/0596105961.pdf;despacho_4958-2009_dr_29-2009.pdf;2010-07-29
[2009-01-01]-[2010-12-31];Despacho n.º 4590/2009 - Diário da República n.º 26/2009, Série II de 2009-02-06;https://diariodarepublica.pt/dr/detalhe/despacho/4590-2009-2663013;https://files.diariodarepublica.pt/2s/2009/02/026000000/0545005450.pdf;despacho_4590-2009_dr_26-2009.pdf;2010-07-29
[2009-01-01]-[2010-12-31];Despacho n.º 10905/2009 - Diário da República n.º 83/2009, Série II de 2009-04-29;https://diariodarepublica.pt/dr/detalhe/despacho/10905-2009-2611413;https://files.diariodarepublica.pt/2s/2009/04/083000000/1714317143.pdf;despacho_10905-2009_dr_83-2009.pdf;2010-07-29
[2009-01-01]-[2010-12-31];Despacho n.º 10904/2009 - Diário da República n.º 83/2009, Série II de 2009-04-29;https://diariodarepublica.pt/dr/detalhe/despacho/10904-2009-2611412;https://files.diariodarepublica.pt/2s/2009/04/083000000/1714217143.pdf;despacho_10904-2009_dr_83-2009.pdf;2010-07-29
[2009-01-01]-[2010-12-31];Despacho n.º 10903/2009 - Diário da República n.º 83/2009, Série II de 2009-04-29;https://diariodarepublica.pt/dr/detalhe/despacho/10903-2009-2611411;https://files.diariodarepublica.pt/2s/2009/04/083000000/1714217142.pdf;despacho_10903-2009_dr_83-2009.pdf;2010-07-29
[2009-01-01]-[2010-12-31];Despacho n.º 10902/2009 - Diário da República n.º 83/2009, Série II de 2009-04-29;https://diariodarepublica.pt/dr/detalhe/despacho/10902-2009-2611410;https://files.diariodarepublica.pt/2s/2009/04/083000000/1714217142.pdf;despacho_10902-2009_dr_83-2009.pdf;2010-07-29
[2009-01-01]-[2010-12-31];Despacho n.º 10901/2009 - Diário da República n.º 83/2009, Série II de 2009-04-29;https://diariodarepublica.pt/dr/detalhe/despacho/10901-2009-2611409;https://files.diariodarepublica.pt/2s/2009/04/083000000/1714217142.pdf;despacho_10901-2009_dr_83-2009.pdf;2010-07-29
[2009-01-01]-[2010-12-31];Despacho n.º 10900/2009 - Diário da República n.º 83/2009, Série II de 2009-04-29;https://diariodarepublica.pt/dr/detalhe/despacho/10900-2009-2611408;https://files.diariodarepublica.pt/2s/2009/04/083000000/1714217142.pdf;despacho_10900-2009_dr_83-2009.pdf;2010-07-29
[2009-01-01]-[2010-12-31];Despacho n.º 10899/2009 - Diário da República n.º 83/2009, Série II de 2009-04-29;https://diariodarepublica.pt/dr/detalhe/despacho/10899-2009-2611407;https://files.diariodarepublica.pt/2s/2009/04/083000000/1714117142.pdf;despacho_10899-2009_dr_83-2009.pdf;2010-07-29
[2009-01-01]-[2010-12-31];Despacho n.º 7528/2010 - Diário da República n.º 83/2010, Série II de 2010-04-29;https://diariodarepublica.pt/dr/detalhe/despacho/7528-2010-2600446;https://files.diariodarepublica.pt/2s/2010/04/083000000/2258022580.pdf;despacho_7528-2010_dr_83-2010.pdf;2010-07-29
[2009-01-01]-[2010-12-31];Despacho n.º 7527/2010 - Diário da República n.º 83/2010, Série II de 2010-04-29;https://diariodarepublica.pt/dr/detalhe/despacho/7527-2010-2600445;https://files.diariodarepublica.pt/2s/2010/04/083000000/2258022580.pdf;despacho_7527-2010_dr_83-2010.pdf;2010-07-29
[2009-01-01]-[2010-12-31];Despacho n.º 7526/2010 - Diário da República n.º 83/2010, Série II de 2010-04-29;https://diariodarepublica.pt/dr/detalhe/despacho/7526-2010-2600444;https://files.diariodarepublica.pt/2s/2010/04/083000000/2258022580.pdf;despacho_7526-2010_dr_83-2010.pdf;2010-07-29
[2009-01-01]-[2010-12-31];Despacho n.º 7525/2010 - Diário da República n.º 83/2010, Série II de 2010-04-29;https://diariodarepublica.pt/dr/detalhe/despacho/7525-2010-2600443;https://files.diariodarepublica.pt/2s/2010/04/083000000/2258022580.pdf;despacho_7525-2010_dr_83-2010.pdf;2010-07-29
[2009-01-01]-[2010-12-31];Despacho n.º 16604/2010 - Diário da República n.º 212/2010, Série II de 2010-11-02;https://diariodarepublica.pt/dr/detalhe/despacho/16604-2010-2596304;https://files.diariodarepublica.pt/2s/2010/11/212000000/5427654276.pdf;despacho_16604-2010_dr_212-2010.pdf;2010-07-29
[2009-01-01]-[2010-12-31];Despacho n.º 16603/2010 - Diário da República n.º 212/2010, Série II de 2010-11-02;https://diariodarepublica.pt/dr/detalhe/despacho/16603-2010-2596303;https://files.diariodarepublica.pt/2s/2010/11/212000000/5427654276.pdf;despacho_16603-2010_dr_212-2010.pdf;2010-07-29
[2009-01-01]-[2010-12-31];Despacho n.º 21017/2009 - Diário da República n.º 182/2009, Série II de 2009-09-18;https://diariodarepublica.pt/dr/detalhe/despacho/21017-2009-2591216;https://files.diariodarepublica.pt/2s/2009/09/182000000/3812438124.pdf;despacho_21017-2009_dr_182-2009.pdf;2010-07-29
[2009-01-01]-[2010-12-31];Despacho n.º 21016/2009 - Diário da República n.º 182/2009, Série II de 2009-09-18;https://diariodarepublica.pt/dr/detalhe/despacho/21016-2009-2591215;https://files.diariodarepublica.pt/2s/2009/09/182000000/3812438124.pdf;despacho_21016-2009_dr_182-2009.pdf;2010-07-29
[2009-01-01]-[2010-12-31];Despacho n.º 21015/2009 - Diário da República n.º 182/2009, Série II de 2009-09-18;https://diariodarepublica.pt/dr/detalhe/despacho/21015-2009-2591214;https://files.diariodarepublica.pt/2s/2009/09/182000000/3812338124.pdf;despacho_21015-2009_dr_182-2009.pdf;2010-07-29
[2009-01-01]-[2010-12-31];Despacho n.º 21014/2009 - Diário da República n.º 182/2009, Série II de 2009-09-18;https://diariodarepublica.pt/dr/detalhe/despacho/21014-2009-2591213;https://files.diariodarepublica.pt/2s/2009/09/182000000/3812338123.pdf;despacho_21014-2009_dr_182-2009.pdf;2010-07-29
[2009-01-01]-[2010-12-31];Despacho n.º 21013/2009 - Diário da República n.º 182/2009, Série II de 2009-09-18;https://diariodarepublica.pt/dr/detalhe/despacho/21013-2009-2591212;https://files.diariodarepublica.pt/2s/2009/09/182000000/3812338123.pdf;despacho_21013-2009_dr_182-2009.pdf;2010-07-29
[2009-01-01]-[2010-12-31];Despacho n.º 21012/2009 - Diário da República n.º 182/2009, Série II de 2009-09-18;https://diariodarepublica.pt/dr/detalhe/despacho/21012-2009-2591211;https://files.diariodarepublica.pt/2s/2009/09/182000000/3812338123.pdf;despacho_21012-2009_dr_182-2009.pdf;2010-07-29
[2009-01-01]-[2010-12-31];Despacho n.º 21011/2009 - Diário da República n.º 182/2009, Série II de 2009-09-18;https://diariodarepublica.pt/dr/detalhe/despacho/21011-2009-2591210;https://files.diariodarepublica.pt/2s/2009/09/182000000/3812338123.pdf;despacho_21011-2009_dr_182-2009.pdf;2010-07-29
[2009-01-01]-[2010-12-31];Despacho n.º 21009/2009 - Diário da República n.º 182/2009, Série II de 2009-09-18;https://diariodarepublica.pt/dr/detalhe/despacho/21009-2009-2591208;https://files.diariodarepublica.pt/2s/2009/09/182000000/3812238122.pdf;despacho_21009-2009_dr_182-2009.pdf;2010-07-29
[2009-01-01]-[2010-12-31];Despacho n.º 21005/2009 - Diário da República n.º 182/2009, Série II de 2009-09-18;https://diariodarepublica.pt/dr/detalhe/despacho/21005-2009-2591204;https://files.diariodarepublica.pt/2s/2009/09/182000000/3812138121.pdf;despacho_21005-2009_dr_182-2009.pdf;2010-07-29
[2009-01-01]-[2010-12-31];Despacho n.º 21004/2009 - Diário da República n.º 182/2009, Série II de 2009-09-18;https://diariodarepublica.pt/dr/detalhe/despacho/21004-2009-2591203;https://files.diariodarepublica.pt/2s/2009/09/182000000/3812038120.pdf;despacho_21004-2009_dr_182-2009.pdf;2010-07-29
[2009-01-01]-[2010-12-31];Despacho n.º 21003/2009 - Diário da República n.º 182/2009, Série II de 2009-09-18;https://diariodarepublica.pt/dr/detalhe/despacho/21003-2009-2591202;https://files.diariodarepublica.pt/2s/2009/09/182000000/3812038120.pdf;despacho_21003-2009_dr_182-2009.pdf;2010-07-29
[2009-01-01]-[2010-12-31];Despacho n.º 21002/2009 - Diário da República n.º 182/2009, Série II de 2009-09-18;https://diariodarepublica.pt/dr/detalhe/despacho/21002-2009-2591201;https://files.diariodarepublica.pt/2s/2009/09/182000000/3812038120.pdf;despacho_21002-2009_dr_182-2009.pdf;2010-07-29
[2009-01-01]-[2010-12-31];Despacho n.º 21001/2009 - Diário da República n.º 182/2009, Série II de 2009-09-18;https://diariodarepublica.pt/dr/detalhe/despacho/21001-2009-2591200;https://files.diariodarepublica.pt/2s/2009/09/182000000/3812038120.pdf;despacho_21001-2009_dr_182-2009.pdf;2010-07-29
[2009-01-01]-[2010-12-31];Despacho n.º 20629/2009 - Diário da República n.º 178/2009, Série II de 2009-09-14;https://diariodarepublica.pt/dr/detalhe/despacho/20629-2009-2572748;https://files.diariodarepublica.pt/2s/2009/09/178000000/3745737457.pdf;despacho_20629-2009_dr_178-2009.pdf;2010-07-29
[2009-01-01]-[2010-12-31];Despacho n.º 20627/2009 - Diário da República n.º 178/2009, Série II de 2009-09-14;https://diariodarepublica.pt/dr/detalhe/despacho/20627-2009-2572746;https://files.diariodarepublica.pt/2s/2009/09/178000000/3745637456.pdf;despacho_20627-2009_dr_178-2009.pdf;2010-07-29
[2009-01-01]-[2010-12-31];Despacho n.º 20626/2009 - Diário da República n.º 178/2009, Série II de 2009-09-14;https://diariodarepublica.pt/dr/detalhe/despacho/20626-2009-2572745;https://files.diariodarepublica.pt/2s/2009/09/178000000/3745637456.pdf;despacho_20626-2009_dr_178-2009.pdf;2010-07-29
[2009-01-01]-[2010-12-31];Despacho n.º 20625/2009 - Diário da República n.º 178/2009, Série II de 2009-09-14;https://diariodarepublica.pt/dr/detalhe/despacho/20625-2009-2572744;https://files.diariodarepublica.pt/2s/2009/09/178000000/3745637456.pdf;despacho_20625-2009_dr_178-2009.pdf;2010-07-29
[2009-01-01]-[2010-12-31];Despacho n.º 20624/2009 - Diário da República n.º 178/2009, Série II de 2009-09-14;https://diariodarepublica.pt/dr/detalhe/despacho/20624-2009-2572743;https://files.diariodarepublica.pt/2s/2009/09/178000000/3745637456.pdf;despacho_20624-2009_dr_178-2009.pdf;2010-07-29
[2009-01-01]-[2010-12-31];Despacho n.º 16901/2010 - Diário da República n.º 217/2010, Série II de 2010-11-09;https://diariodarepublica.pt/dr/detalhe/despacho/16901-2010-2555257;https://files.diariodarepublica.pt/2s/2010/11/217000000/5523855238.pdf;despacho_16901-2010_dr_217-2010.pdf;2010-07-29
[2009-01-01]-[2010-12-31];Despacho n.º 16900/2010 - Diário da República n.º 217/2010, Série II de 2010-11-09;https://diariodarepublica.pt/dr/detalhe/despacho/16900-2010-2555256;https://files.diariodarepublica.pt/2s/2010/11/217000000/5523855238.pdf;despacho_16900-2010_dr_217-2010.pdf;2010-07-29
[2009-01-01]-[2010-12-31];Despacho n.º 16899/2010 - Diário da República n.º 217/2010, Série II de 2010-11-09;https://diariodarepublica.pt/dr/detalhe/despacho/16899-2010-2555255;https://files.diariodarepublica.pt/2s/2010/11/217000000/5523855238.pdf;despacho_16899-2010_dr_217-2010.pdf;2010-07-29
[2009-01-01]-[2010-12-31];Despacho n.º 7329/2009 - Diário da República n.º 49/2009, Série II de 2009-03-11;https://diariodarepublica.pt/dr/detalhe/despacho/7329-2009-2533614;https://files.diariodarepublica.pt/2s/2009/03/049000000/0938509385.pdf;despacho_7329-2009_dr_49-2009.pdf;2010-07-29
[2009-01-01]-[2010-12-31];Despacho n.º 11241/2010 - Diário da República n.º 132/2010, Série II de 2010-07-09;https://diariodarepublica.pt/dr/detalhe/despacho/11241-2010-2507812;https://files.diariodarepublica.pt/2s/2010/07/132000000/3716037160.pdf;despacho_11241-2010_dr_132-2010.pdf;2010-07-29
[2009-01-01]-[2010-12-31];Despacho n.º 11240/2010 - Diário da República n.º 132/2010, Série II de 2010-07-09;https://diariodarepublica.pt/dr/detalhe/despacho/11240-2010-2507811;https://files.diariodarepublica.pt/2s/2010/07/132000000/3716037160.pdf;despacho_11240-2010_dr_132-2010.pdf;2010-07-29
[2009-01-01]-[2010-12-31];Despacho n.º 22975/2009 - Diário da República n.º 202/2009, Série II de 2009-10-19;https://diariodarepublica.pt/dr/detalhe/despacho/22975-2009-2475033;https://files.diariodarepublica.pt/2s/2009/10/202000000/4209442095.pdf;despacho_22975-2009_dr_202-2009.pdf;2010-07-29
[2009-01-01]-[2010-12-31];Despacho n.º 1434/2010 - Diário da República n.º 14/2010, Série II de 2010-01-21;https://diariodarepublica.pt/dr/detalhe/despacho/1434-2010-2449167;https://files.diariodarepublica.pt/2s/2010/01/014000000/0295502955.pdf;despacho_1434-2010_dr_14-2010.pdf;2010-07-29
[2009-01-01]-[2010-12-31];Despacho n.º 1600/2009 - Diário da República n.º 9/2009, Série II de 2009-01-14;https://diariodarepublica.pt/dr/detalhe/despacho/1600-2009-2372962;https://files.diariodarepublica.pt/2s/2009/01/009000000/0160301603.pdf;despacho_1600-2009_dr_9-2009.pdf;2010-07-29
[2009-01-01]-[2010-12-31];Despacho n.º 1599/2009 - Diário da República n.º 9/2009, Série II de 2009-01-14;https://diariodarepublica.pt/dr/detalhe/despacho/1599-2009-2372961;https://files.diariodarepublica.pt/2s/2009/01/009000000/0160301603.pdf;despacho_1599-2009_dr_9-2009.pdf;2010-07-29
[2009-01-01]-[2010-12-31];Despacho n.º 1598/2009 - Diário da República n.º 9/2009, Série II de 2009-01-14;https://diariodarepublica.pt/dr/detalhe/despacho/1598-2009-2372960;https://files.diariodarepublica.pt/2s/2009/01/009000000/0160301603.pdf;despacho_1598-2009_dr_9-2009.pdf;2010-07-29
[2009-01-01]-[2010-12-31];Despacho n.º 1597/2009 - Diário da República n.º 9/2009, Série II de 2009-01-14;https://diariodarepublica.pt/dr/detalhe/despacho/1597-2009-2372959;https://files.diariodarepublica.pt/2s/2009/01/009000000/0160201603.pdf;despacho_1597-2009_dr_9-2009.pdf;2010-07-29
[2009-01-01]-[2010-12-31];Despacho n.º 1596/2009 - Diário da República n.º 9/2009, Série II de 2009-01-14;https://diariodarepublica.pt/dr/detalhe/despacho/1596-2009-2372958;https://files.diariodarepublica.pt/2s/2009/01/009000000/0160201602.pdf;despacho_1596-2009_dr_9-2009.pdf;2010-07-29
[2009-01-01]-[2010-12-31];Despacho n.º 1595/2009 - Diário da República n.º 9/2009, Série II de 2009-01-14;https://diariodarepublica.pt/dr/detalhe/despacho/1595-2009-2372957;https://files.diariodarepublica.pt/2s/2009/01/009000000/0160201602.pdf;despacho_1595-2009_dr_9-2009.pdf;2010-07-29
[2009-01-01]-[2010-12-31];Despacho n.º 1593/2009 - Diário da República n.º 9/2009, Série II de 2009-01-14;https://diariodarepublica.pt/dr/detalhe/despacho/1593-2009-2372955;https://files.diariodarepublica.pt/2s/2009/01/009000000/0160201602.pdf;despacho_1593-2009_dr_9-2009.pdf;2010-07-29
[2009-01-01]-[2010-12-31];Despacho n.º 1591/2009 - Diário da República n.º 9/2009, Série II de 2009-01-14;https://diariodarepublica.pt/dr/detalhe/despacho/1591-2009-2372953;https://files.diariodarepublica.pt/2s/2009/01/009000000/0160101601.pdf;despacho_1591-2009_dr_9-2009.pdf;2010-07-29
[2009-01-01]-[2010-12-31];Despacho n.º 1590/2009 - Diário da República n.º 9/2009, Série II de 2009-01-14;https://diariodarepublica.pt/dr/detalhe/despacho/1590-2009-2372952;https://files.diariodarepublica.pt/2s/2009/01/009000000/0160101601.pdf;despacho_1590-2009_dr_9-2009.pdf;2010-07-29
[2009-01-01]-[2010-12-31];Despacho n.º 1589/2009 - Diário da República n.º 9/2009, Série II de 2009-01-14;https://diariodarepublica.pt/dr/detalhe/despacho/1589-2009-2372951;https://files.diariodarepublica.pt/2s/2009/01/009000000/0160101601.pdf;despacho_1589-2009_dr_9-2009.pdf;2010-07-29
[2009-01-01]-[2010-12-31];Despacho n.º 1587/2009 - Diário da República n.º 9/2009, Série II de 2009-01-14;https://diariodarepublica.pt/dr/detalhe/despacho/1587-2009-2372949;https://files.diariodarepublica.pt/2s/2009/01/009000000/0160101601.pdf;despacho_1587-2009_dr_9-2009.pdf;2010-07-29
[2009-01-01]-[2010-12-31];Despacho n.º 1586/2009 - Diário da República n.º 9/2009, Série II de 2009-01-14;https://diariodarepublica.pt/dr/detalhe/despacho/1586-2009-2372948;https://files.diariodarepublica.pt/2s/2009/01/009000000/0160001601.pdf;despacho_1586-2009_dr_9-2009.pdf;2010-07-29
[2009-01-01]-[2010-12-31];Despacho n.º 1585/2009 - Diário da República n.º 9/2009, Série II de 2009-01-14;https://diariodarepublica.pt/dr/detalhe/despacho/1585-2009-2372947;https://files.diariodarepublica.pt/2s/2009/01/009000000/0160001600.pdf;despacho_1585-2009_dr_9-2009.pdf;2010-07-29
[2009-01-01]-[2010-12-31];Despacho n.º 1584/2009 - Diário da República n.º 9/2009, Série II de 2009-01-14;https://diariodarepublica.pt/dr/detalhe/despacho/1584-2009-2372946;https://files.diariodarepublica.pt/2s/2009/01/009000000/0160001600.pdf;despacho_1584-2009_dr_9-2009.pdf;2010-07-29
[2009-01-01]-[2010-12-31];Despacho n.º 1583/2009 - Diário da República n.º 9/2009, Série II de 2009-01-14;https://diariodarepublica.pt/dr/detalhe/despacho/1583-2009-2372945;https://files.diariodarepublica.pt/2s/2009/01/009000000/0160001600.pdf;despacho_1583-2009_dr_9-2009.pdf;2010-07-29
[2009-01-01]-[2010-12-31];Despacho n.º 18788/2010 - Diário da República n.º 244/2010, Série II de 2010-12-20;https://diariodarepublica.pt/dr/detalhe/despacho/18788-2010-2342882;https://files.diariodarepublica.pt/2s/2010/12/244000000/6148561485.pdf;despacho_18788-2010_dr_244-2010.pdf;2010-07-29
[2009-01-01]-[2010-12-31];Despacho n.º 4960/2010 - Diário da República n.º 55/2010, Série II de 2010-03-19;https://diariodarepublica.pt/dr/detalhe/despacho/4960-2010-2298356;https://files.diariodarepublica.pt/2s/2010/03/055000000/1352613526.pdf;despacho_4960-2010_dr_55-2010.pdf;2010-07-29
[2009-01-01]-[2010-12-31];Despacho n.º 4958/2010 - Diário da República n.º 55/2010, Série II de 2010-03-19;https://diariodarepublica.pt/dr/detalhe/despacho/4958-2010-2298354;https://files.diariodarepublica.pt/2s/2010/03/055000000/1352513525.pdf;despacho_4958-2010_dr_55-2010.pdf;2010-07-29
[2009-01-01]-[2010-12-31];Despacho n.º 4957/2010 - Diário da República n.º 55/2010, Série II de 2010-03-19;https://diariodarepublica.pt/dr/detalhe/despacho/4957-2010-2298353;https://files.diariodarepublica.pt/2s/2010/03/055000000/1352513525.pdf;despacho_4957-2010_dr_55-2010.pdf;2010-07-29
[2009-01-01]-[2010-12-31];Despacho n.º 10659/2009 - Diário da República n.º 80/2009, Série II de 2009-04-24;https://diariodarepublica.pt/dr/detalhe/despacho/10659-2009-2292925;https://files.diariodarepublica.pt/2s/2009/04/080000000/1669416694.pdf;despacho_10659-2009_dr_80-2009.pdf;2010-07-29
[2009-01-01]-[2010-12-31];Despacho n.º 16382/2010 - Diário da República n.º 210/2010, Série II de 2010-10-28;https://diariodarepublica.pt/dr/detalhe/despacho/16382-2010-2246047;https://files.diariodarepublica.pt/2s/2010/10/210000000/5376353763.pdf;despacho_16382-2010_dr_210-2010.pdf;2010-07-29
[2009-01-01]-[2010-12-31];Despacho n.º 16381/2010 - Diário da República n.º 210/2010, Série II de 2010-10-28;https://diariodarepublica.pt/dr/detalhe/despacho/16381-2010-2246046;https://files.diariodarepublica.pt/2s/2010/10/210000000/5376353763.pdf;despacho_16381-2010_dr_210-2010.pdf;2010-07-29
[2009-01-01]-[2010-12-31];Despacho n.º 16380/2010 - Diário da República n.º 210/2010, Série II de 2010-10-28;https://diariodarepublica.pt/dr/detalhe/despacho/16380-2010-2246045;https://files.diariodarepublica.pt/2s/2010/10/210000000/5376353763.pdf;despacho_16380-2010_dr_210-2010.pdf;2010-07-29
[2009-01-01]-[2010-12-31];Despacho n.º 16379/2010 - Diário da República n.º 210/2010, Série II de 2010-10-28;https://diariodarepublica.pt/dr/detalhe/despacho/16379-2010-2246044;https://files.diariodarepublica.pt/2s/2010/10/210000000/5376253763.pdf;despacho_16379-2010_dr_210-2010.pdf;2010-07-29
[2009-01-01]-[2010-12-31];Despacho n.º 4628/2010 - Diário da República n.º 52/2010, Série II de 2010-03-16;https://diariodarepublica.pt/dr/detalhe/despacho/4628-2010-2224245;https://files.diariodarepublica.pt/2s/2010/03/052000000/1235812358.pdf;despacho_4628-2010_dr_52-2010.pdf;2010-07-29
[2009-01-01]-[2010-12-31];Despacho n.º 4627/2010 - Diário da República n.º 52/2010, Série II de 2010-03-16;https://diariodarepublica.pt/dr/detalhe/despacho/4627-2010-2224244;https://files.diariodarepublica.pt/2s/2010/03/052000000/1235812358.pdf;despacho_4627-2010_dr_52-2010.pdf;2010-07-29
[2009-01-01]-[2010-12-31];Despacho n.º 4626/2010 - Diário da República n.º 52/2010, Série II de 2010-03-16;https://diariodarepublica.pt/dr/detalhe/despacho/4626-2010-2224243;https://files.diariodarepublica.pt/2s/2010/03/052000000/1235812358.pdf;despacho_4626-2010_dr_52-2010.pdf;2010-07-29
[2009-01-01]-[2010-12-31];Despacho n.º 4625/2010 - Diário da República n.º 52/2010, Série II de 2010-03-16;https://diariodarepublica.pt/dr/detalhe/despacho/4625-2010-2224242;https://files.diariodarepublica.pt/2s/2010/03/052000000/1235712358.pdf;despacho_4625-2010_dr_52-2010.pdf;2010-07-29
[2009-01-01]-[2010-12-31];Despacho n.º 10283/2009 - Diário da República n.º 76/2009, Série II de 2009-04-20;https://diariodarepublica.pt/dr/detalhe/despacho/10283-2009-2191092;https://files.diariodarepublica.pt/2s/2009/04/076000000/1581015810.pdf;despacho_10283-2009_dr_76-2009.pdf;2010-07-29
[2009-01-01]-[2010-12-31];Despacho n.º 4737/2010 - Diário da República n.º 53/2010, Série II de 2010-03-17;https://diariodarepublica.pt/dr/detalhe/despacho/4737-2010-2104199;https://files.diariodarepublica.pt/2s/2010/03/053000000/1273412734.pdf;despacho_4737-2010_dr_53-2010.pdf;2010-07-29
[2009-01-01]-[2010-12-31];Despacho n.º 628/2010 - Diário da República n.º 6/2010, Série II de 2010-01-11;https://diariodarepublica.pt/dr/detalhe/despacho/628-2010-2097476;https://files.diariodarepublica.pt/2s/2010/01/006000000/0116401164.pdf;despacho_628-2010_dr_6-2010.pdf;2010-07-29
[2009-01-01]-[2010-12-31];Despacho n.º 627/2010 - Diário da República n.º 6/2010, Série II de 2010-01-11;https://diariodarepublica.pt/dr/detalhe/despacho/627-2010-2097475;https://files.diariodarepublica.pt/2s/2010/01/006000000/0116301163.pdf;despacho_627-2010_dr_6-2010.pdf;2010-07-29
[2009-01-01]-[2010-12-31];Despacho n.º 626/2010 - Diário da República n.º 6/2010, Série II de 2010-01-11;https://diariodarepublica.pt/dr/detalhe/despacho/626-2010-2097274;https://files.diariodarepublica.pt/2s/2010/01/006000000/0116301163.pdf;despacho_626-2010_dr_6-2010.pdf;2010-07-29
[2009-01-01]-[2010-12-31];Despacho n.º 625/2010 - Diário da República n.º 6/2010, Série II de 2010-01-11;https://diariodarepublica.pt/dr/detalhe/despacho/625-2010-2097273;https://files.diariodarepublica.pt/2s/2010/01/006000000/0116301163.pdf;despacho_625-2010_dr_6-2010.pdf;2010-07-29
[2009-01-01]-[2010-12-31];Despacho n.º 624/2010 - Diário da República n.º 6/2010, Série II de 2010-01-11;https://diariodarepublica.pt/dr/detalhe/despacho/624-2010-2097272;https://files.diariodarepublica.pt/2s/2010/01/006000000/0116301163.pdf;despacho_624-2010_dr_6-2010.pdf;2010-07-29
[2009-01-01]-[2010-12-31];Despacho n.º 623/2010 - Diário da República n.º 6/2010, Série II de 2010-01-11;https://diariodarepublica.pt/dr/detalhe/despacho/623-2010-2097271;https://files.diariodarepublica.pt/2s/2010/01/006000000/0116201163.pdf;despacho_623-2010_dr_6-2010.pdf;2010-07-29
[2009-01-01]-[2010-12-31];Despacho n.º 622/2010 - Diário da República n.º 6/2010, Série II de 2010-01-11;https://diariodarepublica.pt/dr/detalhe/despacho/622-2010-2097270;https://files.diariodarepublica.pt/2s/2010/01/006000000/0116201162.pdf;despacho_622-2010_dr_6-2010.pdf;2010-07-29
[2009-01-01]-[2010-12-31];Despacho n.º 17733/2010 - Diário da República n.º 230/2010, Série II de 2010-11-26;https://diariodarepublica.pt/dr/detalhe/despacho/17733-2010-2007163;https://files.diariodarepublica.pt/2s/2010/11/230000000/5779757797.pdf;despacho_17733-2010_dr_230-2010.pdf;2010-07-29
[2009-01-01]-[2010-12-31];Despacho n.º 17732/2010 - Diário da República n.º 230/2010, Série II de 2010-11-26;https://diariodarepublica.pt/dr/detalhe/despacho/17732-2010-2007162;https://files.diariodarepublica.pt/2s/2010/11/230000000/5779757797.pdf;despacho_17732-2010_dr_230-2010.pdf;2010-07-29
[2009-01-01]-[2010-12-31];Despacho n.º 17730/2010 - Diário da República n.º 230/2010, Série II de 2010-11-26;https://diariodarepublica.pt/dr/detalhe/despacho/17730-2010-2007160;https://files.diariodarepublica.pt/2s/2010/11/230000000/5779657796.pdf;despacho_17730-2010_dr_230-2010.pdf;2010-07-29
[2009-01-01]-[2010-12-31];Despacho n.º 4149/2010 - Diário da República n.º 47/2010, Série II de 2010-03-09;https://diariodarepublica.pt/dr/detalhe/despacho/4149-2010-1978258;https://files.diariodarepublica.pt/2s/2010/03/047000000/1048710487.pdf;despacho_4149-2010_dr_47-2010.pdf;2010-07-29
[2009-01-01]-[2010-12-31];Despacho n.º 13834/2010 - Diário da República n.º 169/2010, Série II de 2010-08-31;https://diariodarepublica.pt/dr/detalhe/despacho/13834-2010-1967564;https://files.diariodarepublica.pt/2s/2010/08/169000000/4550745508.pdf;despacho_13834-2010_dr_169-2010.pdf;2010-07-29
[2009-01-01]-[2010-12-31];Despacho n.º 13833/2010 - Diário da República n.º 169/2010, Série II de 2010-08-31;https://diariodarepublica.pt/dr/detalhe/despacho/13833-2010-1967563;https://files.diariodarepublica.pt/2s/2010/08/169000000/4550745507.pdf;despacho_13833-2010_dr_169-2010.pdf;2010-07-29
[2009-01-01]-[2010-12-31];Despacho n.º 13832/2010 - Diário da República n.º 169/2010, Série II de 2010-08-31;https://diariodarepublica.pt/dr/detalhe/despacho/13832-2010-1967562;https://files.diariodarepublica.pt/2s/2010/08/169000000/4550745507.pdf;despacho_13832-2010_dr_169-2010.pdf;2010-07-29
[2009-01-01]-[2010-12-31];Despacho n.º 3442/2010 - Diário da República n.º 38/2010, Série II de 2010-02-24;https://diariodarepublica.pt/dr/detalhe/despacho/3442-2010-1935277;https://files.diariodarepublica.pt/2s/2010/02/038000000/0820708207.pdf;despacho_3442-2010_dr_38-2010.pdf;2010-07-29
[2009-01-01]-[2010-12-31];Despacho n.º 3441/2010 - Diário da República n.º 38/2010, Série II de 2010-02-24;https://diariodarepublica.pt/dr/detalhe/despacho/3441-2010-1935276;https://files.diariodarepublica.pt/2s/2010/02/038000000/0820708207.pdf;despacho_3441-2010_dr_38-2010.pdf;2010-07-29
[2009-01-01]-[2010-12-31];Despacho n.º 3440/2010 - Diário da República n.º 38/2010, Série II de 2010-02-24;https://diariodarepublica.pt/dr/detalhe/despacho/3440-2010-1935275;https://files.diariodarepublica.pt/2s/2010/02/038000000/0820708207.pdf;despacho_3440-2010_dr_38-2010.pdf;2010-07-29
[2009-01-01]-[2010-12-31];Despacho n.º 3439/2010 - Diário da República n.º 38/2010, Série II de 2010-02-24;https://diariodarepublica.pt/dr/detalhe/despacho/3439-2010-1935074;https://files.diariodarepublica.pt/2s/2010/02/038000000/0820708207.pdf;despacho_3439-2010_dr_38-2010.pdf;2010-07-29
[2009-01-01]-[2010-12-31];Despacho n.º 3438/2010 - Diário da República n.º 38/2010, Série II de 2010-02-24;https://diariodarepublica.pt/dr/detalhe/despacho/3438-2010-1935073;https://files.diariodarepublica.pt/2s/2010/02/038000000/0820608207.pdf;despacho_3438-2010_dr_38-2010.pdf;2010-07-29
[2009-01-01]-[2010-12-31];Despacho n.º 21163/2009 - Diário da República n.º 183/2009, Série II de 2009-09-21;https://diariodarepublica.pt/dr/detalhe/despacho/21163-2009-1895984;https://files.diariodarepublica.pt/2s/2009/09/183000000/3829438294.pdf;despacho_21163-2009_dr_183-2009.pdf;2010-07-29
[2009-01-01]-[2010-12-31];Despacho n.º 21162/2009 - Diário da República n.º 183/2009, Série II de 2009-09-21;https://diariodarepublica.pt/dr/detalhe/despacho/21162-2009-1895983;https://files.diariodarepublica.pt/2s/2009/09/183000000/3829438294.pdf;despacho_21162-2009_dr_183-2009.pdf;2010-07-29
[2009-01-01]-[2010-12-31];Despacho n.º 21161/2009 - Diário da República n.º 183/2009, Série II de 2009-09-21;https://diariodarepublica.pt/dr/detalhe/despacho/21161-2009-1895982;https://files.diariodarepublica.pt/2s/2009/09/183000000/3829338294.pdf;despacho_21161-2009_dr_183-2009.pdf;2010-07-29
[2009-01-01]-[2010-12-31];Despacho n.º 21160/2009 - Diário da República n.º 183/2009, Série II de 2009-09-21;https://diariodarepublica.pt/dr/detalhe/despacho/21160-2009-1895981;https://files.diariodarepublica.pt/2s/2009/09/183000000/3829338293.pdf;despacho_21160-2009_dr_183-2009.pdf;2010-07-29
[2009-01-01]-[2010-12-31];Despacho n.º 21159/2009 - Diário da República n.º 183/2009, Série II de 2009-09-21;https://diariodarepublica.pt/dr/detalhe/despacho/21159-2009-1895980;https://files.diariodarepublica.pt/2s/2009/09/183000000/3829338293.pdf;despacho_21159-2009_dr_183-2009.pdf;2010-07-29
[2009-01-01]-[2010-12-31];Despacho n.º 21158/2009 - Diário da República n.º 183/2009, Série II de 2009-09-21;https://diariodarepublica.pt/dr/detalhe/despacho/21158-2009-1895979;https://files.diariodarepublica.pt/2s/2009/09/183000000/3829338293.pdf;despacho_21158-2009_dr_183-2009.pdf;2010-07-29
[2009-01-01]-[2010-12-31];Despacho n.º 21157/2009 - Diário da República n.º 183/2009, Série II de 2009-09-21;https://diariodarepublica.pt/dr/detalhe/despacho/21157-2009-1895978;https://files.diariodarepublica.pt/2s/2009/09/183000000/3829338293.pdf;despacho_21157-2009_dr_183-2009.pdf;2010-07-29
[2009-01-01]-[2010-12-31];Despacho n.º 21155/2009 - Diário da República n.º 183/2009, Série II de 2009-09-21;https://diariodarepublica.pt/dr/detalhe/despacho/21155-2009-1895976;https://files.diariodarepublica.pt/2s/2009/09/183000000/3829238292.pdf;despacho_21155-2009_dr_183-2009.pdf;2010-07-29
[2009-01-01]-[2010-12-31];Despacho n.º 21154/2009 - Diário da República n.º 183/2009, Série II de 2009-09-21;https://diariodarepublica.pt/dr/detalhe/despacho/21154-2009-1895975;https://files.diariodarepublica.pt/2s/2009/09/183000000/3829238292.pdf;despacho_21154-2009_dr_183-2009.pdf;2010-07-29
[2009-01-01]-[2010-12-31];Despacho n.º 21379/2009 - Diário da República n.º 185/2009, Série II de 2009-09-23;https://diariodarepublica.pt/dr/detalhe/despacho/21379-2009-1871264;https://files.diariodarepublica.pt/2s/2009/09/185000000/3869138691.pdf;despacho_21379-2009_dr_185-2009.pdf;2010-07-29
[2009-01-01]-[2010-12-31];Despacho n.º 518/2010 - Diário da República n.º 5/2010, Série II de 2010-01-08;https://diariodarepublica.pt/dr/detalhe/despacho/518-2010-1797703;https://files.diariodarepublica.pt/2s/2010/01/005000000/0085400854.pdf;despacho_518-2010_dr_5-2010.pdf;2010-07-29
[2009-01-01]-[2010-12-31];Despacho n.º 517/2010 - Diário da República n.º 5/2010, Série II de 2010-01-08;https://diariodarepublica.pt/dr/detalhe/despacho/517-2010-1797702;https://files.diariodarepublica.pt/2s/2010/01/005000000/0085300854.pdf;despacho_517-2010_dr_5-2010.pdf;2010-07-29
[2009-01-01]-[2010-12-31];Despacho n.º 516/2010 - Diário da República n.º 5/2010, Série II de 2010-01-08;https://diariodarepublica.pt/dr/detalhe/despacho/516-2010-1797701;https://files.diariodarepublica.pt/2s/2010/01/005000000/0085300853.pdf;despacho_516-2010_dr_5-2010.pdf;2010-07-29
[2009-01-01]-[2010-12-31];Despacho n.º 515/2010 - Diário da República n.º 5/2010, Série II de 2010-01-08;https://diariodarepublica.pt/dr/detalhe/despacho/515-2010-1797700;https://files.diariodarepublica.pt/2s/2010/01/005000000/0085300853.pdf;despacho_515-2010_dr_5-2010.pdf;2010-07-29
[2009-01-01]-[2010-12-31];Despacho n.º 514/2010 - Diário da República n.º 5/2010, Série II de 2010-01-08;https://diariodarepublica.pt/dr/detalhe/despacho/514-2010-1797699;https://files.diariodarepublica.pt/2s/2010/01/005000000/0085300853.pdf;despacho_514-2010_dr_5-2010.pdf;2010-07-29
[2009-01-01]-[2010-12-31];Despacho n.º 513/2010 - Diário da República n.º 5/2010, Série II de 2010-01-08;https://diariodarepublica.pt/dr/detalhe/despacho/513-2010-1797698;https://files.diariodarepublica.pt/2s/2010/01/005000000/0085300853.pdf;despacho_513-2010_dr_5-2010.pdf;2010-07-29
[2009-01-01]-[2010-12-31];Despacho n.º 512/2010 - Diário da República n.º 5/2010, Série II de 2010-01-08;https://diariodarepublica.pt/dr/detalhe/despacho/512-2010-1797697;https://files.diariodarepublica.pt/2s/2010/01/005000000/0085200852.pdf;despacho_512-2010_dr_5-2010.pdf;2010-07-29
[2009-01-01]-[2010-12-31];Despacho n.º 13809/2010 - Diário da República n.º 168/2010, Série II de 2010-08-30;https://diariodarepublica.pt/dr/detalhe/despacho/13809-2010-1786082;https://files.diariodarepublica.pt/2s/2010/08/168000000/4539845398.pdf;despacho_13809-2010_dr_168-2010.pdf;2010-07-29
[2009-01-01]-[2010-12-31];Despacho n.º 13808/2010 - Diário da República n.º 168/2010, Série II de 2010-08-30;https://diariodarepublica.pt/dr/detalhe/despacho/13808-2010-1786081;https://files.diariodarepublica.pt/2s/2010/08/168000000/4539845398.pdf;despacho_13808-2010_dr_168-2010.pdf;2010-07-29
[2009-01-01]-[2010-12-31];Despacho n.º 13807/2010 - Diário da República n.º 168/2010, Série II de 2010-08-30;https://diariodarepublica.pt/dr/detalhe/despacho/13807-2010-1786080;https://files.diariodarepublica.pt/2s/2010/08/168000000/4539745398.pdf;despacho_13807-2010_dr_168-2010.pdf;2010-07-29
[2009-01-01]-[2010-12-31];Despacho n.º 13806/2010 - Diário da República n.º 168/2010, Série II de 2010-08-30;https://diariodarepublica.pt/dr/detalhe/despacho/13806-2010-1786079;https://files.diariodarepublica.pt/2s/2010/08/168000000/4539745397.pdf;despacho_13806-2010_dr_168-2010.pdf;2010-07-29
[2009-01-01]-[2010-12-31];Despacho n.º 13805/2010 - Diário da República n.º 168/2010, Série II de 2010-08-30;https://diariodarepublica.pt/dr/detalhe/despacho/13805-2010-1786078;https://files.diariodarepublica.pt/2s/2010/08/168000000/4539745397.pdf;despacho_13805-2010_dr_168-2010.pdf;2010-07-29
[2009-01-01]-[2010-12-31];Despacho n.º 13804/2010 - Diário da República n.º 168/2010, Série II de 2010-08-30;https://diariodarepublica.pt/dr/detalhe/despacho/13804-2010-1786077;https://files.diariodarepublica.pt/2s/2010/08/168000000/4539745397.pdf;despacho_13804-2010_dr_168-2010.pdf;2010-07-29
[2009-01-01]-[2010-12-31];Despacho n.º 3594/2010 - Diário da República n.º 40/2010, Série II de 2010-02-26;https://diariodarepublica.pt/dr/detalhe/despacho/3594-2010-1766707;https://files.diariodarepublica.pt/2s/2010/02/040000000/0866108661.pdf;despacho_3594-2010_dr_40-2010.pdf;2010-07-29
[2009-01-01]-[2010-12-31];Despacho n.º 3593/2010 - Diário da República n.º 40/2010, Série II de 2010-02-26;https://diariodarepublica.pt/dr/detalhe/despacho/3593-2010-1766706;https://files.diariodarepublica.pt/2s/2010/02/040000000/0866108661.pdf;despacho_3593-2010_dr_40-2010.pdf;2010-07-29
[2009-01-01]-[2010-12-31];Despacho n.º 3592/2010 - Diário da República n.º 40/2010, Série II de 2010-02-26;https://diariodarepublica.pt/dr/detalhe/despacho/3592-2010-1766705;https://files.diariodarepublica.pt/2s/2010/02/040000000/0866008660.pdf;despacho_3592-2010_dr_40-2010.pdf;2010-07-29
[2009-01-01]-[2010-12-31];Despacho n.º 5375/2009 - Diário da República n.º 33/2009, Série II de 2009-02-17;https://diariodarepublica.pt/dr/detalhe/despacho/5375-2009-1696684;https://files.diariodarepublica.pt/2s/2009/02/033000000/0660406604.pdf;despacho_5375-2009_dr_33-2009.pdf;2010-07-29
[2009-01-01]-[2010-12-31];Despacho n.º 1559/2010 - Diário da República n.º 15/2010, Série II de 2010-01-22;https://diariodarepublica.pt/dr/detalhe/despacho/1559-2010-1629454;https://files.diariodarepublica.pt/2s/2010/01/015000000/0314903150.pdf;despacho_1559-2010_dr_15-2010.pdf;2010-07-29
[2009-01-01]-[2010-12-31];Despacho n.º 1558/2010 - Diário da República n.º 15/2010, Série II de 2010-01-22;https://diariodarepublica.pt/dr/detalhe/despacho/1558-2010-1629453;https://files.diariodarepublica.pt/2s/2010/01/015000000/0314903149.pdf;despacho_1558-2010_dr_15-2010.pdf;2010-07-29
[2009-01-01]-[2010-12-31];Despacho n.º 1557/2010 - Diário da República n.º 15/2010, Série II de 2010-01-22;https://diariodarepublica.pt/dr/detalhe/despacho/1557-2010-1629452;https://files.diariodarepublica.pt/2s/2010/01/015000000/0314903149.pdf;despacho_1557-2010_dr_15-2010.pdf;2010-07-29
[2009-01-01]-[2010-12-31];Despacho n.º 10790/2010 - Diário da República n.º 125/2010, Série II de 2010-06-30;https://diariodarepublica.pt/dr/detalhe/despacho/10790-2010-1612821;https://files.diariodarepublica.pt/2s/2010/06/125000000/3567235672.pdf;despacho_10790-2010_dr_125-2010.pdf;2010-07-29
[2009-01-01]-[2010-12-31];Despacho n.º 11386/2010 - Diário da República n.º 134/2010, Série II de 2010-07-13;https://diariodarepublica.pt/dr/detalhe/despacho/11386-2010-1569933;https://files.diariodarepublica.pt/2s/2010/07/134000000/3764937649.pdf;despacho_11386-2010_dr_134-2010.pdf;2010-07-29
[2009-01-01]-[2010-12-31];Despacho n.º 12352/2010 - Diário da República n.º 147/2010, Série II de 2010-07-30;https://diariodarepublica.pt/dr/detalhe/despacho/12352-2010-1434886;https://files.diariodarepublica.pt/2s/2010/07/147000000/4090740907.pdf;despacho_12352-2010_dr_147-2010.pdf;2010-07-29
[2009-01-01]-[2010-12-31];Despacho n.º 12351/2010 - Diário da República n.º 147/2010, Série II de 2010-07-30;https://diariodarepublica.pt/dr/detalhe/despacho/12351-2010-1434885;https://files.diariodarepublica.pt/2s/2010/07/147000000/4090640907.pdf;despacho_12351-2010_dr_147-2010.pdf;2010-07-29
[2009-01-01]-[2010-12-31];Despacho n.º 12350/2010 - Diário da República n.º 147/2010, Série II de 2010-07-30;https://diariodarepublica.pt/dr/detalhe/despacho/12350-2010-1434884;https://files.diariodarepublica.pt/2s/2010/07/147000000/4090640906.pdf;despacho_12350-2010_dr_147-2010.pdf;2010-07-29
[2009-01-01]-[2010-12-31];Despacho n.º 12349/2010 - Diário da República n.º 147/2010, Série II de 2010-07-30;https://diariodarepublica.pt/dr/detalhe/despacho/12349-2010-1434883;https://files.diariodarepublica.pt/2s/2010/07/147000000/4090640906.pdf;despacho_12349-2010_dr_147-2010.pdf;2010-07-29
[2009-01-01]-[2010-12-31];Despacho n.º 12347/2010 - Diário da República n.º 147/2010, Série II de 2010-07-30;https://diariodarepublica.pt/dr/detalhe/despacho/12347-2010-1434881;https://files.diariodarepublica.pt/2s/2010/07/147000000/4090640906.pdf;despacho_12347-2010_dr_147-2010.pdf;2010-07-29
[2009-01-01]-[2010-12-31];Despacho n.º 12346/2010 - Diário da República n.º 147/2010, Série II de 2010-07-30;https://diariodarepublica.pt/dr/detalhe/despacho/12346-2010-1434880;https://files.diariodarepublica.pt/2s/2010/07/147000000/4090540905.pdf;despacho_12346-2010_dr_147-2010.pdf;2010-07-29
[2009-01-01]-[2010-12-31];Despacho n.º 7411/2009 - Diário da República n.º 50/2009, Série II de 2009-03-12;https://diariodarepublica.pt/dr/detalhe/despacho/7411-2009-1350414;https://files.diariodarepublica.pt/2s/2009/03/050000000/0950609506.pdf;despacho_7411-2009_dr_50-2009.pdf;2010-07-29
[2009-01-01]-[2010-12-31];Despacho n.º 7410/2009 - Diário da República n.º 50/2009, Série II de 2009-03-12;https://diariodarepublica.pt/dr/detalhe/despacho/7410-2009-1350413;https://files.diariodarepublica.pt/2s/2009/03/050000000/0950609506.pdf;despacho_7410-2009_dr_50-2009.pdf;2010-07-29
[2009-01-01]-[2010-12-31];Despacho n.º 7409/2009 - Diário da República n.º 50/2009, Série II de 2009-03-12;https://diariodarepublica.pt/dr/detalhe/despacho/7409-2009-1350412;https://files.diariodarepublica.pt/2s/2009/03/050000000/0950609506.pdf;despacho_7409-2009_dr_50-2009.pdf;2010-07-29
[2009-01-01]-[2010-12-31];Despacho n.º 20776/2009 - Diário da República n.º 180/2009, Série II de 2009-09-16;https://diariodarepublica.pt/dr/detalhe/despacho/20776-2009-1349561;https://files.diariodarepublica.pt/2s/2009/09/180000000/3787437874.pdf;despacho_20776-2009_dr_180-2009.pdf;2010-07-29
[2009-01-01]-[2010-12-31];Despacho n.º 20774/2009 - Diário da República n.º 180/2009, Série II de 2009-09-16;https://diariodarepublica.pt/dr/detalhe/despacho/20774-2009-1349559;https://files.diariodarepublica.pt/2s/2009/09/180000000/3787337873.pdf;despacho_20774-2009_dr_180-2009.pdf;2010-07-29
[2009-01-01]-[2010-12-31];Despacho n.º 20773/2009 - Diário da República n.º 180/2009, Série II de 2009-09-16;https://diariodarepublica.pt/dr/detalhe/despacho/20773-2009-1349558;https://files.diariodarepublica.pt/2s/2009/09/180000000/3787337873.pdf;despacho_20773-2009_dr_180-2009.pdf;2010-07-29
[2009-01-01]-[2010-12-31];Despacho n.º 20862/2009 - Diário da República n.º 181/2009, Série II de 2009-09-17;https://diariodarepublica.pt/dr/detalhe/despacho/20862-2009-1312015;https://files.diariodarepublica.pt/2s/2009/09/181000000/3797237973.pdf;despacho_20862-2009_dr_181-2009.pdf;2010-07-29
[2009-01-01]-[2010-12-31];Despacho n.º 20861/2009 - Diário da República n.º 181/2009, Série II de 2009-09-17;https://diariodarepublica.pt/dr/detalhe/despacho/20861-2009-1312014;https://files.diariodarepublica.pt/2s/2009/09/181000000/3797237972.pdf;despacho_20861-2009_dr_181-2009.pdf;2010-07-29
[2009-01-01]-[2010-12-31];Despacho n.º 9743/2010 - Diário da República n.º 111/2010, Série II de 2010-06-09;https://diariodarepublica.pt/dr/detalhe/despacho/9743-2010-1172454;https://files.diariodarepublica.pt/2s/2010/06/111000000/3177831778.pdf;despacho_9743-2010_dr_111-2010.pdf;2010-07-29
[2009-01-01]-[2010-12-31];Despacho n.º 4503/2010 - Diário da República n.º 51/2010, Série II de 2010-03-15;https://diariodarepublica.pt/dr/detalhe/despacho/4503-2010-988296;https://files.diariodarepublica.pt/2s/2010/03/051000000/1198411984.pdf;despacho_4503-2010_dr_51-2010.pdf;2010-07-29
[2009-01-01]-[2010-12-31];Despacho n.º 4434/2009 - Diário da República n.º 25/2009, Série II de 2009-02-05;https://diariodarepublica.pt/dr/detalhe/despacho/4434-2009-932300;https://files.diariodarepublica.pt/2s/2009/02/025000000/0520605206.pdf;despacho_4434-2009_dr_25-2009.pdf;2010-07-29
[2009-01-01]-[2010-12-31];Despacho n.º 4433/2009 - Diário da República n.º 25/2009, Série II de 2009-02-05;https://diariodarepublica.pt/dr/detalhe/despacho/4433-2009-932299;https://files.diariodarepublica.pt/2s/2009/02/025000000/0520605206.pdf;despacho_4433-2009_dr_25-2009.pdf;2010-07-29
[2009-01-01]-[2010-12-31];Despacho n.º 17584/2010 - Diário da República n.º 227/2010, Série II de 2010-11-23;https://diariodarepublica.pt/dr/detalhe/despacho/17584-2010-894143;https://files.diariodarepublica.pt/2s/2010/11/227000000/5729057290.pdf;despacho_17584-2010_dr_227-2010.pdf;2010-07-29
[2009-01-01]-[2010-12-31];Despacho n.º 17583/2010 - Diário da República n.º 227/2010, Série II de 2010-11-23;https://diariodarepublica.pt/dr/detalhe/despacho/17583-2010-894142;https://files.diariodarepublica.pt/2s/2010/11/227000000/5729057290.pdf;despacho_17583-2010_dr_227-2010.pdf;2010-07-29
[2009-01-01]-[2010-12-31];Despacho n.º 17582/2010 - Diário da República n.º 227/2010, Série II de 2010-11-23;https://diariodarepublica.pt/dr/detalhe/despacho/17582-2010-894141;https://files.diariodarepublica.pt/2s/2010/11/227000000/5729057290.pdf;despacho_17582-2010_dr_227-2010.pdf;2010-07-29
[2009-01-01]-[2010-12-31];Despacho n.º 17581/2010 - Diário da República n.º 227/2010, Série II de 2010-11-23;https://diariodarepublica.pt/dr/detalhe/despacho/17581-2010-894140;https://files.diariodarepublica.pt/2s/2010/11/227000000/5728957290.pdf;despacho_17581-2010_dr_227-2010.pdf;2010-07-29
[2009-01-01]-[2010-12-31];Despacho n.º 10458/2009 - Diário da República n.º 78/2009, Série II de 2009-04-22;https://diariodarepublica.pt/dr/detalhe/despacho/10458-2009-874088;https://files.diariodarepublica.pt/2s/2009/04/078000000/1616716167.pdf;despacho_10458-2009_dr_78-2009.pdf;2010-07-29
[2009-01-01]-[2010-12-31];Despacho n.º 10457/2009 - Diário da República n.º 78/2009, Série II de 2009-04-22;https://diariodarepublica.pt/dr/detalhe/despacho/10457-2009-874087;https://files.diariodarepublica.pt/2s/2009/04/078000000/1616616167.pdf;despacho_10457-2009_dr_78-2009.pdf;2010-07-29
[2009-01-01]-[2010-12-31];Despacho n.º 10455/2009 - Diário da República n.º 78/2009, Série II de 2009-04-22;https://diariodarepublica.pt/dr/detalhe/despacho/10455-2009-874085;https://files.diariodarepublica.pt/2s/2009/04/078000000/1616616166.pdf;despacho_10455-2009_dr_78-2009.pdf;2010-07-29
[2009-01-01]-[2010-12-31];Despacho n.º 8261/2010 - Diário da República n.º 94/2010, Série II de 2010-05-14;https://diariodarepublica.pt/dr/detalhe/despacho/8261-2010-809884;https://files.diariodarepublica.pt/2s/2010/05/094000000/2606026060.pdf;despacho_8261-2010_dr_94-2010.pdf;2010-07-29
[2009-01-01]-[2010-12-31];Despacho n.º 745/2010 - Diário da República n.º 7/2010, Série II de 2010-01-12;https://diariodarepublica.pt/dr/detalhe/despacho/745-2010-800728;https://files.diariodarepublica.pt/2s/2010/01/007000000/0137401374.pdf;despacho_745-2010_dr_7-2010.pdf;2010-07-29
[2009-01-01]-[2010-12-31];Despacho n.º 744/2010 - Diário da República n.º 7/2010, Série II de 2010-01-12;https://diariodarepublica.pt/dr/detalhe/despacho/744-2010-800727;https://files.diariodarepublica.pt/2s/2010/01/007000000/0137301374.pdf;despacho_744-2010_dr_7-2010.pdf;2010-07-29
[2009-01-01]-[2010-12-31];Despacho n.º 23399/2009 - Diário da República n.º 207/2009, Série II de 2009-10-26;https://diariodarepublica.pt/dr/detalhe/despacho/23399-2009-784576;https://files.diariodarepublica.pt/2s/2009/10/207000000/4337543375.pdf;despacho_23399-2009_dr_207-2009.pdf;2010-07-29
[2009-01-01]-[2010-12-31];Despacho n.º 23398/2009 - Diário da República n.º 207/2009, Série II de 2009-10-26;https://diariodarepublica.pt/dr/detalhe/despacho/23398-2009-784575;https://files.diariodarepublica.pt/2s/2009/10/207000000/4337543375.pdf;despacho_23398-2009_dr_207-2009.pdf;2010-07-29
[2009-01-01]-[2010-12-31];Despacho n.º 23397/2009 - Diário da República n.º 207/2009, Série II de 2009-10-26;https://diariodarepublica.pt/dr/detalhe/despacho/23397-2009-784374;https://files.diariodarepublica.pt/2s/2009/10/207000000/4337543375.pdf;despacho_23397-2009_dr_207-2009.pdf;2010-07-29
[2009-01-01]-[2010-12-31];Despacho n.º 23395/2009 - Diário da República n.º 207/2009, Série II de 2009-10-26;https://diariodarepublica.pt/dr/detalhe/despacho/23395-2009-784372;https://files.diariodarepublica.pt/2s/2009/10/207000000/4337443374.pdf;despacho_23395-2009_dr_207-2009.pdf;2010-07-29
[2009-01-01]-[2010-12-31];Despacho n.º 12219/2010 - Diário da República n.º 146/2010, Série II de 2010-07-29;https://diariodarepublica.pt/dr/detalhe/despacho/12219-2010-760702;https://files.diariodarepublica.pt/2s/2010/07/146000000/4063740637.pdf;despacho_12219-2010_dr_146-2010.pdf;2010-07-29
